# Seconds,C1,C2,C3,C4,I
0.000000000000000000e+00,0.000000000000000000e+00,0.000000000000000000e+00,0.000000000000000000e+00,0.000000000000000000e+00,0.000000000000000000e+00
0.000000000000000000e+00,0.000000000000000000e+00,0.000000000000000000e+00,0.000000000000000000e+00,0.000000000000000000e+00,0.000000000000000000e+00
1.000000000000000000e+00,0.000000000000000000e+00,0.000000000000000000e+00,0.000000000000000000e+00,0.000000000000000000e+00,0.000000000000000000e+00
2.000000000000000000e+00,0.000000000000000000e+00,0.000000000000000000e+00,0.000000000000000000e+00,0.000000000000000000e+00,0.000000000000000000e+00
3.000000000000000000e+00,0.000000000000000000e+00,0.000000000000000000e+00,0.000000000000000000e+00,0.000000000000000000e+00,0.000000000000000000e+00
4.000000000000000000e+00,0.000000000000000000e+00,0.000000000000000000e+00,0.000000000000000000e+00,0.000000000000000000e+00,0.000000000000000000e+00
5.000000000000000000e+00,0.000000000000000000e+00,0.000000000000000000e+00,0.000000000000000000e+00,0.000000000000000000e+00,0.000000000000000000e+00
6.000000000000000000e+00,0.000000000000000000e+00,0.000000000000000000e+00,0.000000000000000000e+00,0.000000000000000000e+00,0.000000000000000000e+00
7.000000000000000000e+00,0.000000000000000000e+00,0.000000000000000000e+00,0.000000000000000000e+00,0.000000000000000000e+00,0.000000000000000000e+00
8.000000000000000000e+00,0.000000000000000000e+00,0.000000000000000000e+00,0.000000000000000000e+00,0.000000000000000000e+00,0.000000000000000000e+00
9.000000000000000000e+00,0.000000000000000000e+00,0.000000000000000000e+00,0.000000000000000000e+00,0.000000000000000000e+00,0.000000000000000000e+00
1.000000000000000000e+01,0.000000000000000000e+00,0.000000000000000000e+00,0.000000000000000000e+00,0.000000000000000000e+00,0.000000000000000000e+00
1.100000000000000000e+01,0.000000000000000000e+00,0.000000000000000000e+00,0.000000000000000000e+00,0.000000000000000000e+00,0.000000000000000000e+00
1.200000000000000000e+01,0.000000000000000000e+00,0.000000000000000000e+00,0.000000000000000000e+00,0.000000000000000000e+00,0.000000000000000000e+00
1.300000000000000000e+01,0.000000000000000000e+00,0.000000000000000000e+00,0.000000000000000000e+00,0.000000000000000000e+00,0.000000000000000000e+00
1.400000000000000000e+01,0.000000000000000000e+00,0.000000000000000000e+00,0.000000000000000000e+00,0.000000000000000000e+00,0.000000000000000000e+00
1.500000000000000000e+01,0.000000000000000000e+00,0.000000000000000000e+00,0.000000000000000000e+00,0.000000000000000000e+00,0.000000000000000000e+00
1.600000000000000000e+01,0.000000000000000000e+00,0.000000000000000000e+00,0.000000000000000000e+00,0.000000000000000000e+00,0.000000000000000000e+00
1.700000000000000000e+01,0.000000000000000000e+00,0.000000000000000000e+00,0.000000000000000000e+00,0.000000000000000000e+00,0.000000000000000000e+00
1.800000000000000000e+01,0.000000000000000000e+00,0.000000000000000000e+00,0.000000000000000000e+00,0.000000000000000000e+00,0.000000000000000000e+00
1.900000000000000000e+01,0.000000000000000000e+00,0.000000000000000000e+00,0.000000000000000000e+00,0.000000000000000000e+00,0.000000000000000000e+00
2.000000000000000000e+01,0.000000000000000000e+00,0.000000000000000000e+00,0.000000000000000000e+00,0.000000000000000000e+00,0.000000000000000000e+00
2.100000000000000000e+01,3.988856804686600754e-01,0.000000000000000000e+00,0.000000000000000000e+00,0.000000000000000000e+00,1.703241855601178356e+00
2.200000000000000000e+01,7.915503946580456640e-01,4.510887733093501368e-04,2.335213087337533478e-05,3.051475455585249755e-03,1.703241855601178356e+00
2.300000000000000000e+01,1.178093640497604566e+00,1.345721077577945613e-03,6.969082888126861312e-05,9.083492187484073707e-03,1.703241855601178356e+00
2.400000000000000000e+01,1.558613322801907453e+00,2.676472722615289273e-03,1.386563766349837754e-04,1.802641982205649418e-02,1.703241855601178356e+00
2.500000000000000000e+01,1.933205778780256345e+00,4.436038631886446600e-03,2.298948094873316491e-04,2.981190962985235879e-02,1.703241855601178356e+00
2.600000000000000000e+01,2.301965803137820288e+00,6.617230935048306131e-03,3.430578234228753138e-04,4.437287272885295092e-02,1.703241855601178356e+00
2.700000000000000000e+01,2.664986672774837917e+00,9.212977091029122406e-03,4.778026844230738699e-04,6.164345864648155399e-02,1.703241855601178356e+00
2.800000000000000000e+01,3.022360171090330283e+00,1.221631804116225968e-02,6.337921392827088399e-04,8.155903423456348222e-02,1.703241855601178356e+00
2.900000000000000000e+01,3.374176611896640754e+00,1.562040639189289822e-02,8.106943278543527571e-04,1.040561629315100989e-01,1.703241855601178356e+00
3.000000000000000000e+01,3.720524862951055667e+00,1.941850462658416612e-02,1.008182696698015730e-03,1.290725843660933403e-01,1.703241855601178356e+00
3.100000000000000000e+01,3.662606688641954822e+00,2.360398334595673053e-02,1.225935914113466824e-03,1.565471942972683217e-01,0.000000000000000000e+00
3.200000000000000000e+01,3.605614780458119117e+00,2.771923076339404338e-02,1.440285655659718708e-03,1.833685494290051565e-01,0.000000000000000000e+00
3.300000000000000000e+01,3.549534307513971143e+00,3.176537379024953894e-02,1.651286347372243673e-03,2.095487330963778927e-01,0.000000000000000000e+00
3.400000000000000000e+01,3.494350676402068867e+00,3.574352129164586056e-02,1.858991543849504002e-03,2.350996227406725037e-01,0.000000000000000000e+00
3.500000000000000000e+01,3.440049527390489192e+00,3.965476437544034061e-02,2.063453942206749936e-03,2.600328933011821775e-01,0.000000000000000000e+00
3.600000000000000000e+01,3.386616730681105469e+00,4.350017667656332770e-02,2.264725395806383313e-03,2.843600205519653534e-01,0.000000000000000000e+00
3.700000000000000000e+01,3.334038382727777527e+00,4.728081463680360030e-02,2.462856927768463430e-03,3.080922843844532966e-01,0.000000000000000000e+00
3.800000000000000000e+01,3.282300802613493218e+00,5.099771778011377710e-02,2.657898744264878578e-03,3.312407720367797070e-01,0.000000000000000000e+00
3.900000000000000000e+01,3.231390528485527547e+00,5.465190898350727466e-02,2.849900247600640341e-03,3.538163812706916489e-01,0.000000000000000000e+00
4.000000000000000000e+01,3.181294314047676597e+00,5.824439474361767233e-02,3.038910049085717831e-03,3.758298234968850959e-01,0.000000000000000000e+00
4.100000000000000000e+01,3.131999125108668292e+00,6.177616543898967194e-02,3.224975981700761631e-03,3.972916268495986225e-01,0.000000000000000000e+00
4.200000000000000000e+01,3.083492136185831622e+00,6.524819558817024356e-02,3.408145112560015139e-03,4.182121392112805869e-01,0.000000000000000000e+00
4.300000000000000000e+01,3.035760727163158368e+00,6.866144410366702144e-02,3.588463755174668961e-03,4.386015311881358847e-01,0.000000000000000000e+00
4.400000000000000000e+01,2.988792480002871343e+00,7.201685454184021673e-02,3.765977481519842442e-03,4.584697990373448051e-01,0.000000000000000000e+00
4.500000000000000000e+01,2.942575175509654084e+00,7.531535534879310601e-02,3.940731133908347353e-03,4.778267675467310349e-01,0.000000000000000000e+00
4.600000000000000000e+01,2.897096790146687972e+00,7.855786010232529426e-02,4.112768836674321991e-03,4.966820928676474733e-01,0.000000000000000000e+00
4.700000000000000000e+01,2.852345492902676138e+00,8.174526775001159096e-02,4.282134007669782284e-03,5.150452653018320337e-01,0.000000000000000000e+00
4.800000000000000000e+01,2.808309642209033452e+00,8.487846284346875492e-02,4.448869369577080138e-03,5.329256120429785026e-01,0.000000000000000000e+00
4.900000000000000000e+01,2.764977782906437920e+00,8.795831576887094827e-02,4.613016961040230200e-03,5.503322998737488758e-01,0.000000000000000000e+00
5.000000000000000000e+01,2.722338643259960556e+00,9.098568297377419845e-02,4.774618147617985982e-03,5.672743378189488705e-01,0.000000000000000000e+00
5.100000000000000000e+01,2.680381132021981472e+00,9.396140719030866839e-02,4.933713632561538033e-03,5.837605797555726062e-01,0.000000000000000000e+00
5.200000000000000000e+01,2.639094335542147007e+00,9.688631765479722990e-02,5.090343467419629689e-03,5.997997269804106191e-01,0.000000000000000000e+00
5.300000000000000000e+01,2.598467514923593402e+00,9.976123032385730838e-02,5.244547062473864200e-03,6.154003307359078301e-01,0.000000000000000000e+00
5.400000000000000000e+01,2.558490103224714041e+00,1.025869480870423844e-01,5.396363197006909425e-03,6.305707946949437037e-01,0.000000000000000000e+00
5.500000000000000000e+01,2.519151702705728635e+00,1.053642609760786636e-01,5.545830029406290627e-03,6.453193774051964038e-01,0.000000000000000000e+00
5.600000000000000000e+01,2.480442082119345137e+00,1.080939463707512455e-01,5.692985107106389095e-03,6.596541946937455325e-01,0.000000000000000000e+00
5.700000000000000000e+01,2.442351174044801176e+00,1.107767692014937078e-01,5.837865376371251247e-03,6.735832220325513875e-01,0.000000000000000000e+00
5.800000000000000000e+01,2.404869072264598007e+00,1.134134821487334382e-01,5.980507191920747881e-03,6.871142968654451177e-01,0.000000000000000000e+00
5.900000000000000000e+01,2.367986029183237306e+00,1.160048258390453113e-01,6.120946326402594562e-03,7.002551208972486174e-01,0.000000000000000000e+00
6.000000000000000000e+01,2.331692453287289801e+00,1.185515290381641829e-01,6.259217979712699935e-03,7.130132623456365559e-01,0.000000000000000000e+00
6.100000000000000000e+01,2.295978906646137574e+00,1.210543088409069407e-01,6.395356788166280983e-03,7.253961581563402872e-01,0.000000000000000000e+00
6.200000000000000000e+01,2.260836102452731033e+00,1.235138708580532790e-01,6.529396833522111386e-03,7.374111161822872740e-01,0.000000000000000000e+00
6.300000000000000000e+01,2.226254902603730823e+00,1.259309094002342699e-01,6.661371651862283902e-03,7.490653173272562304e-01,0.000000000000000000e+00
6.400000000000000000e+01,2.192226315318390739e+00,1.283061076588761784e-01,6.791314242329773987e-03,7.603658176546211900e-01,0.000000000000000000e+00
6.500000000000000000e+01,2.158741492795572370e+00,1.306401378842471372e-01,6.919257075726103177e-03,7.713195504617490483e-01,0.000000000000000000e+00
6.600000000000000000e+01,2.125791728908278166e+00,1.329336615606526162e-01,7.045232102971327008e-03,7.819333283206028051e-01,0.000000000000000000e+00
6.700000000000000000e+01,2.093368456935095434e+00,1.351873295788258433e-01,7.169270763428556639e-03,7.922138450850985114e-01,0.000000000000000000e+00
6.800000000000000000e+01,2.061463247327972592e+00,1.374017824055576431e-01,7.291403993095188669e-03,8.021676778657509388e-01,0.000000000000000000e+00
6.900000000000000000e+01,2.030067805515730406e+00,1.395776502506101413e-01,7.411662232662973374e-03,8.118012889721368808e-01,0.000000000000000000e+00
7.000000000000000000e+01,1.999173969742754409e+00,1.417155532309577748e-01,7.530075435449012575e-03,8.211210278236954485e-01,0.000000000000000000e+00
7.100000000000000000e+01,1.968773708942285650e+00,1.438161015323984049e-01,7.646673075199776626e-03,8.301331328293761747e-01,0.000000000000000000e+00
7.200000000000000000e+01,1.938859120643771528e+00,1.458798955685765841e-01,7.761484153770145840e-03,8.388437332366399657e-01,0.000000000000000000e+00
7.300000000000000000e+01,1.909422428913724046e+00,1.479075261374604988e-01,7.874537208679505129e-03,8.472588509503046206e-01,0.000000000000000000e+00
7.400000000000000000e+01,1.880455982329548359e+00,1.498995745753133879e-01,7.985860320546831273e-03,8.553844023217247461e-01,0.000000000000000000e+00
7.500000000000000000e+01,1.851952251985816700e+00,1.518566129081994343e-01,8.095481120406741726e-03,8.632261999087845750e-01,0.000000000000000000e+00
7.600000000000000000e+01,1.823903829532466325e+00,1.537792040010635686e-01,8.203426796908386276e-03,8.707899542071738663e-01,0.000000000000000000e+00
7.700000000000000000e+01,1.796303425244411889e+00,1.556679017044244606e-01,8.309724103399068057e-03,8.780812753534122939e-01,0.000000000000000000e+00
7.800000000000000000e+01,1.769143866122065978e+00,1.575232509987181673e-01,8.414399364894438807e-03,8.851056748000785124e-01,0.000000000000000000e+00
7.900000000000000000e+01,1.742418094022277097e+00,1.593457881363308792e-01,8.517478484937085481e-03,8.918685669636916558e-01,0.000000000000000000e+00
8.000000000000000000e+01,1.716119163819195492e+00,1.611360407813570705e-01,8.618986952345293259e-03,8.983752708456897995e-01,0.000000000000000000e+00
8.100000000000000000e+01,1.690240241594587189e+00,1.628945281471199935e-01,8.718949847853745688e-03,9.046310116269372648e-01,0.000000000000000000e+00
8.200000000000000000e+01,1.664774602857126418e+00,1.646217611314899076e-01,8.817391850647881071e-03,9.106409222361897537e-01,0.000000000000000000e+00
8.300000000000000000e+01,1.639715630790201883e+00,1.663182424500358192e-01,8.914337244793638093e-03,9.164100448929398679e-01,0.000000000000000000e+00
8.400000000000000000e+01,1.615056814527779272e+00,1.679844667670448155e-01,9.009809925564223054e-03,9.219433326250540128e-01,0.000000000000000000e+00
8.500000000000000000e+01,1.590791747457871885e+00,1.696209208244437439e-01,9.103833405665584869e-03,9.272456507616098076e-01,0.000000000000000000e+00
8.600000000000000000e+01,1.566914125553176218e+00,1.712280835686563196e-01,9.196430821362198971e-03,9.323217784013361209e-01,0.000000000000000000e+00
8.700000000000000000e+01,1.543417745728440593e+00,1.728064262754290259e-01,9.287624938504763020e-03,9.371764098570477541e-01,0.000000000000000000e+00
8.800000000000000000e+01,1.520296504224132317e+00,1.743564126726582786e-01,9.377438158461372589e-03,9.418141560764639042e-01,0.000000000000000000e+00
8.900000000000000000e+01,1.497544395015991237e+00,1.758784990612508592e-01,9.465892523953732887e-03,9.462395460397936553e-01,0.000000000000000000e+00
9.000000000000000000e+01,1.475155508250045822e+00,1.773731344340487848e-01,9.553009724799905317e-03,9.504570281344615346e-01,0.000000000000000000e+00
9.100000000000000000e+01,1.453124028702691195e+00,1.788407605928503119e-01,9.638811103565110214e-03,9.544709715073457224e-01,0.000000000000000000e+00
9.200000000000000000e+01,1.431444234265424997e+00,1.802818122635569120e-01,9.723317661122032537e-03,9.582856673948901838e-01,0.000000000000000000e+00
9.300000000000000000e+01,1.410110494453845176e+00,1.816967172094764160e-01,9.806550062122115427e-03,9.619053304314497677e-01,0.000000000000000000e+00
9.400000000000000000e+01,1.389117268940523342e+00,1.830858963428121100e-01,9.888528640379222467e-03,9.653340999362211017e-01,0.000000000000000000e+00
9.500000000000000000e+01,1.368459106111369783e+00,1.844497638343663426e-01,9.969273404167101546e-03,9.685760411791041191e-01,0.000000000000000000e+00
9.600000000000000000e+01,1.348130641645116645e+00,1.857887272214877594e-01,1.004880404143203287e-02,9.716351466258359437e-01,0.000000000000000000e+00
9.700000000000000000e+01,1.328126597115544261e+00,1.871031875142898371e-01,1.012713992492199691e-02,9.745153371627334193e-01,0.000000000000000000e+00
9.800000000000000000e+01,1.308441778616090678e+00,1.883935393001688052e-01,1.020430011723371701e-02,9.772204633013724662e-01,0.000000000000000000e+00
9.900000000000000000e+01,1.289071075406485356e+00,1.896601708466477409e-01,1.028030337577888823e-02,9.797543063635301142e-01,0.000000000000000000e+00
1.000000000000000000e+02,1.270009458581052408e+00,1.909034642025740081e-01,1.035516815767088296e-02,9.821205796467087357e-01,0.000000000000000000e+00
1.010000000000000000e+02,1.251251979758338129e+00,1.921237952976964092e-01,1.042891262453320318e-02,9.843229295705564486e-01,0.000000000000000000e+00
1.020000000000000000e+02,1.232793769791721061e+00,1.933215340406474470e-01,1.050155464723095261e-02,9.863649368044929977e-01,0.000000000000000000e+00
1.030000000000000000e+02,1.214630037500668003e+00,1.944970444153572287e-01,1.057311181052652746e-02,9.882501173768452052e-01,0.000000000000000000e+00
1.040000000000000000e+02,1.196756068422305530e+00,1.956506845759229674e-01,1.064360141766076788e-02,9.899819237657924154e-01,0.000000000000000000e+00
1.050000000000000000e+02,1.179167223582983537e+00,1.967828069399598923e-01,1.071304049486076007e-02,9.915637459724147007e-01,0.000000000000000000e+00
1.060000000000000000e+02,1.161858938289506371e+00,1.978937582804569106e-01,1.078144579577544095e-02,9.929989125761355950e-01,0.000000000000000000e+00
1.070000000000000000e+02,1.144826720939721820e+00,1.989838798161618350e-01,1.084883380584020056e-02,9.942906917728427940e-01,0.000000000000000000e+00
1.080000000000000000e+02,1.128066151852154642e+00,2.000535073005191844e-01,1.091522074657156824e-02,9.954422923959694858e-01,0.000000000000000000e+00
1.090000000000000000e+02,1.111572882114379990e+00,2.011029711091836536e-01,1.098062257979315511e-02,9.964568649208092044e-01,0.000000000000000000e+00
1.100000000000000000e+02,1.095342632449838760e+00,2.021325963261326741e-01,1.104505501179391981e-02,9.973375024523400967e-01,0.000000000000000000e+00
1.110000000000000000e+02,1.636995682958103604e+00,2.031427028283998293e-01,1.110853349741984346e-02,9.980872416968209482e-01,2.381056575952164689e+00
1.120000000000000000e+02,2.170206764491015683e+00,2.047642074689091929e-01,1.120371848740227445e-02,1.002974891272469860e+00,2.381056575952164689e+00
1.130000000000000000e+02,2.695110893753168924e+00,2.069868720454250133e-01,1.133011390382097396e-02,1.011904215102591653e+00,2.381056575952164689e+00
1.140000000000000000e+02,3.211840925626906706e+00,2.098006226204643943e-01,1.148723160213708377e-02,1.024780746194268621e+00,2.381056575952164689e+00
1.150000000000000000e+02,3.720527587788300838e+00,2.131955468907900386e-01,1.167459124416822709e-02,1.041511756566928293e+00,2.381056575952164689e+00
1.160000000000000000e+02,4.221299514768843686e+00,2.171618915990236598e-01,1.189172017309756031e-02,1.062006227675771797e+00,2.381056575952164689e+00
1.170000000000000000e+02,4.714283281471734810e+00,2.216900599867063504e-01,1.213815329048425866e-02,1.086174821322033690e+00,2.381056575952164689e+00
1.180000000000000000e+02,5.199603436151474689e+00,2.267706092881416335e-01,1.241343293524332751e-02,1.113929851042178898e+00,2.381056575952164689e+00
1.190000000000000000e+02,5.677382532865389742e+00,2.323942482643683027e-01,1.271710876456326987e-02,1.145185253968264982e+00,2.381056575952164689e+00
1.200000000000000000e+02,6.147741163405513021e+00,2.385518347766207303e-01,1.304873763673051676e-02,1.179856563151828297e+00,2.381056575952164689e+00
1.210000000000000000e+02,6.053173497863861385e+00,2.452343733986441232e-01,1.340788349583014669e-02,1.217860880343768715e+00,9.140871846827094382e-16
1.220000000000000000e+02,5.960117423076568777e+00,2.518024109677847733e-01,1.376147201499062882e-02,1.254851021867797511e+00,9.140871846827094382e-16
1.230000000000000000e+02,5.868548736866173954e+00,2.582577863862508538e-01,1.410959201324605422e-02,1.290846309837044625e+00,9.140871846827094382e-16
1.240000000000000000e+02,5.778443624589551852e+00,2.646023091071144084e-01,1.445233088755257071e-02,1.325865733403817526e+00,9.140871846827094382e-16
1.250000000000000000e+02,5.689778652932533376e+00,2.708377596058665349e-01,1.478977463555921495e-02,1.359927954271388462e+00,9.140871846827094382e-16
1.260000000000000000e+02,5.602530763803879488e+00,2.769658898444215533e-01,1.512200787801413690e-02,1.393051312116146079e+00,9.140871846827094382e-16
1.270000000000000000e+02,5.516677268327039307e+00,2.829884237276916181e-01,1.544911388081203658e-02,1.425253829921557136e+00,9.140871846827094382e-16
1.280000000000000000e+02,5.432195840928105035e+00,2.889070575528500107e-01,1.577117457668858122e-02,1.456553219225359186e+00,9.140871846827094382e-16
1.290000000000000000e+02,5.349064513518444031e+00,2.947234604514012424e-01,1.608827058656741790e-02,1.486966885281385098e+00,9.140871846827094382e-16
1.300000000000000000e+02,5.267261669770468835e+00,3.004392748241717093e-01,1.640048124056538853e-02,1.516511932137398544e+00,9.140871846827094382e-16
1.310000000000000000e+02,5.186766039485079638e+00,3.060561167693358620e-01,1.670788459866139747e-02,1.545205167630291587e+00,4.849063386209530975e-16
1.320000000000000000e+02,5.107556693049287944e+00,3.115755765035882474e-01,1.701055747103430091e-02,1.573063108299980639e+00,4.849063386209530975e-16
1.330000000000000000e+02,5.029613035982590574e+00,3.169992187765712233e-01,1.730857543807515567e-02,1.600101984223312845e+00,4.849063386209530975e-16
1.340000000000000000e+02,4.952914803570674707e+00,3.223285832786674243e-01,1.760201287007902640e-02,1.626337743769271427e+00,4.849063386209530975e-16
1.350000000000000000e+02,4.877442055585043512e+00,3.275651850422617306e-01,1.789094294662144091e-02,1.651786058276752067e+00,4.849063386209530975e-16
1.360000000000000000e+02,4.803175171087194606e+00,3.327105148365785414e-01,1.817543767562464566e-02,1.676462326656160684e+00,4.849063386209530975e-16
1.370000000000000000e+02,4.730094843316004827e+00,3.377660395561963846e-01,1.845556791211848749e-02,1.700381679916058042e+00,4.849063386209530975e-16
1.380000000000000000e+02,4.658182074656968652e+00,3.427332026033416690e-01,1.873140337670095579e-02,1.723558985616067574e+00,4.849063386209530975e-16
1.390000000000000000e+02,4.587418171692000612e+00,3.476134242640609440e-01,1.900301267370307912e-02,1.746008852247230347e+00,4.849063386209530975e-16
1.400000000000000000e+02,4.517784740328500526e+00,3.524081020783694229e-01,1.927046330906297469e-02,1.767745633540982908e+00,4.849063386209530975e-16
1.410000000000000000e+02,4.449263681006411453e+00,3.571186112044730243e-01,1.953382170791368930e-02,1.788783432707907295e+00,5.327322427450883067e-16
1.420000000000000000e+02,4.381837183982027817e+00,3.617463047771579676e-01,1.979315323188942863e-02,1.809136106607390992e+00,5.327322427450883067e-16
1.430000000000000000e+02,4.315487724687321780e+00,3.662925142604415152e-01,2.004852219615462991e-02,1.828817269849307037e+00,5.327322427450883067e-16
1.440000000000000000e+02,4.250198059163576403e+00,3.707585497945763975e-01,2.029999188616041575e-02,1.847840298828818062e+00,5.327322427450883067e-16
1.450000000000000000e+02,4.185951219568136317e+00,3.751457005374985165e-01,2.054762457413267587e-02,1.866218335695378761e+00,5.327322427450883067e-16
1.460000000000000000e+02,4.122730509753114170e+00,3.794552350008072450e-01,2.079148153529618986e-02,1.883964292257005457e+00,5.327322427450883067e-16
1.470000000000000000e+02,4.060519500914883118e+00,3.836884013803656956e-01,2.103162306383891261e-02,1.901090853820850857e+00,5.327322427450883067e-16
1.480000000000000000e+02,3.999302027313237140e+00,3.878464278816078359e-01,2.126810848862066908e-02,1.917610482971120245e+00,5.327322427450883067e-16
1.490000000000000000e+02,3.939062182059098749e+00,3.919305230396359363e-01,2.150099618863028986e-02,1.933535423285337451e+00,5.327322427450883067e-16
1.500000000000000000e+02,3.879784312969673632e+00,3.959418760341928967e-01,2.173034360819525376e-02,1.948877702989956662e+00,5.327322427450883067e-16
1.510000000000000000e+02,3.821453018489975761e+00,3.998816569995909953e-01,2.195620727194779256e-02,1.963649138556301521e+00,0.000000000000000000e+00
1.520000000000000000e+02,3.764053143679658486e+00,4.037510173296777749e-01,2.217864279955131246e-02,1.977861338237794087e+00,0.000000000000000000e+00
1.530000000000000000e+02,3.707569776264109773e+00,4.075510899779189455e-01,2.239770492019107356e-02,1.991525705549424430e+00,0.000000000000000000e+00
1.540000000000000000e+02,3.651988242748771984e+00,4.112829897526759093e-01,2.261344748683277728e-02,2.004653442690391696e+00,0.000000000000000000e+00
1.550000000000000000e+02,3.597294104595688768e+00,4.149478136077554002e-01,2.282592349025287098e-02,2.017255553910838106e+00,0.000000000000000000e+00
1.560000000000000000e+02,3.543473154461270980e+00,4.185466409283067346e-01,2.303518507284419911e-02,2.029342848823577405e+00,0.000000000000000000e+00
1.570000000000000000e+02,3.490511412494304633e+00,4.220805338121406680e-01,2.324128354220055329e-02,2.040925945661705487e+00,0.000000000000000000e+00
1.580000000000000000e+02,3.438395122693240324e+00,4.255505373465444108e-01,2.344426938448374367e-02,2.052015274482974938e+00,0.000000000000000000e+00
1.590000000000000000e+02,3.387110749321808445e+00,4.289576798806633562e-01,2.364419227757661238e-02,2.062621080321783484e+00,0.000000000000000000e+00
1.600000000000000000e+02,3.336644973382031143e+00,4.323029732935221303e-01,2.384110110402541671e-02,2.072753426289633438e+00,0.000000000000000000e+00
1.610000000000000000e+02,3.286984689143709115e+00,4.355874132577531865e-01,2.403504396377502753e-02,2.082422196624890365e+00,0.000000000000000000e+00
1.620000000000000000e+02,3.238117000729480832e+00,4.388119794991027778e-01,2.422606818670012749e-02,2.091637099692659429e+00,0.000000000000000000e+00
1.630000000000000000e+02,3.190029218754562024e+00,4.419776360517819747e-01,2.441422034493582680e-02,2.100407670935591220e+00,0.000000000000000000e+00
1.640000000000000000e+02,3.142708857020293234e+00,4.450853315097281215e-01,2.459954626501078753e-02,2.108743275776406190e+00,0.000000000000000000e+00
1.650000000000000000e+02,3.096143629260629915e+00,4.481359992738436215e-01,2.478209103978610064e-02,2.116653112472921983e+00,0.000000000000000000e+00
1.660000000000000000e+02,3.050321445940731291e+00,4.511305577952753887e-01,2.496189904020295128e-02,2.124146214926347920e+00,0.000000000000000000e+00
1.670000000000000000e+02,3.005230411106810884e+00,4.540699108147992491e-01,2.513901392684222622e-02,2.131231455443607814e+00,0.000000000000000000e+00
1.680000000000000000e+02,2.960858819286427579e+00,4.569549475983706865e-01,2.531347866129898122e-02,2.137917547454431411e+00,0.000000000000000000e+00
1.690000000000000000e+02,2.917195152438414318e+00,4.597865431689041604e-01,2.548533551737479363e-02,2.144213048183946313e+00,0.000000000000000000e+00
1.700000000000000000e+02,2.874228076951640176e+00,4.625655585343412257e-01,2.565462609209090070e-02,2.150126361281492926e+00,0.000000000000000000e+00
1.710000000000000000e+02,2.831946440691835765e+00,4.652928409120661302e-01,2.582139131652497199e-02,2.155665739406369852e+00,0.000000000000000000e+00
1.720000000000000000e+02,2.790339270095701707e+00,4.679692239497287298e-01,2.598567146647439569e-02,2.160839286771203405e+00,0.000000000000000000e+00
1.730000000000000000e+02,2.749395767311552330e+00,4.705955279425306781e-01,2.614750617294876733e-02,2.165654961643635801e+00,0.000000000000000000e+00
1.740000000000000000e+02,2.709105307385740513e+00,4.731725600470330639e-01,2.630693443249441932e-02,2.170120578806995493e+00,0.000000000000000000e+00
1.750000000000000000e+02,2.669457435494135389e+00,4.757011144915400669e-01,2.646399461735358602e-02,2.174243811980622887e+00,0.000000000000000000e+00
1.760000000000000000e+02,2.630441864217934356e+00,4.781819727831138067e-01,2.661872448546093867e-02,2.178032196200501147e+00,0.000000000000000000e+00
1.770000000000000000e+02,2.592048470863091314e+00,4.806159039112745113e-01,2.677116119028000868e-02,2.181493130160834681e+00,0.000000000000000000e+00
1.780000000000000000e+02,2.554267294822672341e+00,4.830036645484391822e-01,2.692134129048214322e-02,2.184633878517206806e+00,0.000000000000000000e+00
1.790000000000000000e+02,2.517088534981443804e+00,4.853459992471501061e-01,2.706930075947044240e-02,2.187461574151944088e+00,0.000000000000000000e+00
1.800000000000000000e+02,2.480502547162017013e+00,4.876436406341460028e-01,2.721507499475122813e-02,2.189983220402289543e+00,0.000000000000000000e+00
1.810000000000000000e+02,2.982967313082915073e+00,4.898973096013249373e-01,2.735869882715541435e-02,2.192205693252001542e+00,2.299256103181259281e+00
1.820000000000000000e+02,3.477608158754826650e+00,4.927166534502280260e-01,2.753173025583313324e-02,2.198255019643708064e+00,2.299256103181259281e+00
1.830000000000000000e+02,3.964550211067725538e+00,4.960921846199791707e-01,2.773370952013461468e-02,2.208042071157908293e+00,2.299256103181259281e+00
1.840000000000000000e+02,4.443916593443996810e+00,5.000145677814580303e-01,2.796418421168180013e-02,2.221479358428218198e+00,2.299256103181259281e+00
1.850000000000000000e+02,4.915828457918775207e+00,5.044746173994791860e-01,2.822270915664806118e-02,2.238481003276088899e+00,2.299256103181259281e+00
1.860000000000000000e+02,5.380405016706596655e+00,5.094632953340074710e-01,2.850884629992293112e-02,2.258962711304105753e+00,2.299256103181259281e+00
1.870000000000000000e+02,5.837763573262590988e+00,5.149717084797833522e-01,2.882216459113161669e-02,2.282841744940434570e+00,2.299256103181259281e+00
1.880000000000000000e+02,6.288019552846305871e+00,5.209911064437433570e-01,2.916223987247960892e-02,2.310036896927099015e+00,2.299256103181259281e+00
1.890000000000000000e+02,6.731286532596133299e+00,5.275128792596323057e-01,2.952865476839320116e-02,2.340468464244880753e+00,2.299256103181259281e+00
1.900000000000000000e+02,7.167676271122161324e+00,5.345285551392088275e-01,2.992099857692709364e-02,2.374058222467767987e+00,2.299256103181259281e+00
1.910000000000000000e+02,7.058831266154161455e+00,5.420297982594606268e-01,3.033886716291083266e-02,2.410729400539974421e+00,0.000000000000000000e+00
1.920000000000000000e+02,6.951725062325336602e+00,5.493994686286735041e-01,3.075033912688538915e-02,2.446287379811923124e+00,0.000000000000000000e+00
1.930000000000000000e+02,6.846329820346016781e+00,5.566396814009005878e-01,3.115551663869168403e-02,2.480753978083150457e+00,0.000000000000000000e+00
1.940000000000000000e+02,6.742618146698843518e+00,5.637525178555438110e-01,3.155450023238211277e-02,2.514150633276461377e+00,0.000000000000000000e+00
1.950000000000000000e+02,6.640563086500852918e+00,5.707400259397735764e-01,3.194738883241333982e-02,2.546498409754142767e+00,0.000000000000000000e+00
1.960000000000000000e+02,6.540138116479860209e+00,5.776042208022622582e-01,3.233427977941970288e-02,2.577818004531255092e+00,0.000000000000000000e+00
1.970000000000000000e+02,6.441317138063305414e+00,5.843470853183725389e-01,3.271526885557387437e-02,2.608129753387661953e+00,0.000000000000000000e+00
1.980000000000000000e+02,6.344074470577760749e+00,5.909705706069348086e-01,3.309045030954149702e-02,2.637453636880430441e+00,0.000000000000000000e+00
1.990000000000000000e+02,6.248384844557341111e+00,5.974765965387506261e-01,3.345991688103618772e-02,2.665809286258215227e+00,0.000000000000000000e+00
2.000000000000000000e+02,6.154223395159252874e+00,6.038670522369532501e-01,3.382375982498138367e-02,2.693215989279203804e+00,0.000000000000000000e+00
2.010000000000000000e+02,6.061565655684779230e+00,6.101437965693568000e-01,3.418206893528527579e-02,2.719692695934185611e+00,0.000000000000000000e+00
2.020000000000000000e+02,5.970387551204015431e+00,6.163086586329207250e-01,3.453493256823503277e-02,2.745258024076277614e+00,0.000000000000000000e+00
2.030000000000000000e+02,5.880665392282683257e+00,6.223634382304579216e-01,3.488243766551651220e-02,2.769930264958804678e+00,0.000000000000000000e+00
2.040000000000000000e+02,5.792375868809395811e+00,6.283099063397084016e-01,3.522466977686524586e-02,2.793727388682832213e+00,0.000000000000000000e+00
2.050000000000000000e+02,5.705496043921764127e+00,6.341498055749030804e-01,3.556171308235482609e-02,2.816667049555800606e+00,0.000000000000000000e+00
2.060000000000000000e+02,5.620003348029758428e+00,6.398848506409356984e-01,3.589365041432833470e-02,2.838766591362700265e+00,0.000000000000000000e+00
2.070000000000000000e+02,5.535875572934776834e+00,6.455167287802634490e-01,3.622056327897864997e-02,2.860043052551203502e+00,0.000000000000000000e+00
2.080000000000000000e+02,5.453090866042877849e+00,6.510471002126505535e-01,3.654253187758314814e-02,2.880513171332137912e+00,0.000000000000000000e+00
2.090000000000000000e+02,5.371627724670671178e+00,6.564775985678713566e-01,3.685963512739842685e-02,2.900193390696675255e+00,0.000000000000000000e+00
2.100000000000000000e+02,5.291464990442393379e+00,6.618098313114838538e-01,3.717195068222042820e-02,2.919099863351576118e+00,0.000000000000000000e+00
2.110000000000000000e+02,5.212581843776691315e+00,6.670453801637864499e-01,3.747955495261535291e-02,2.937248456573820832e+00,0.000000000000000000e+00
2.120000000000000000e+02,5.134957798461691425e+00,6.721858015120659724e-01,3.778252312582661837e-02,2.954654756985922948e+00,0.000000000000000000e+00
2.130000000000000000e+02,5.058572696316935513e+00,6.772326268162435214e-01,3.808092918536309240e-02,2.971334075253212248e+00,0.000000000000000000e+00
2.140000000000000000e+02,4.983406701940790384e+00,6.821873630080267370e-01,3.837484593027359892e-02,2.987301450704349381e+00,0.000000000000000000e+00
2.150000000000000000e+02,4.909440297541962650e+00,6.870514928836694013e-01,3.866434499411287168e-02,3.002571655876308476e+00,0.000000000000000000e+00
2.160000000000000000e+02,4.836654277853781991e+00,6.918264754904418501e-01,3.894949686360376501e-02,3.017159200985050749e+00,0.000000000000000000e+00
2.170000000000000000e+02,4.765029745129906402e+00,6.965137465069141109e-01,3.923037089700066871e-02,3.031078338323096588e+00,0.000000000000000000e+00
2.180000000000000000e+02,4.694548104220173990e+00,7.011147186171488022e-01,3.950703534215883883e-02,3.044343066585168067e+00,0.000000000000000000e+00
2.190000000000000000e+02,4.625191057725287713e+00,7.056307818789028241e-01,3.977955735431443901e-02,3.056967135123076051e+00,0.000000000000000000e+00
2.200000000000000000e+02,4.556940601229098498e+00,7.100633040859328782e-01,4.004800301357985121e-02,3.068964048130983446e+00,0.000000000000000000e+00
2.210000000000000000e+02,4.489779018607220173e+00,7.144136311244995152e-01,4.031243734215885638e-02,3.080347068762184115e+00,0.000000000000000000e+00
2.220000000000000000e+02,4.423688877410774545e+00,7.186830873241636386e-01,4.057292432128613985e-02,3.091129223178498808e+00,0.000000000000000000e+00
2.230000000000000000e+02,4.358653024324049774e+00,7.228729758029642793e-01,4.082952690789557609e-02,3.101323304533375680e+00,0.000000000000000000e+00
2.240000000000000000e+02,4.294654580694891699e+00,7.269845788070706805e-01,4.108230705102162289e-02,3.110941876889774527e+00,0.000000000000000000e+00
2.250000000000000000e+02,4.231676938136666344e+00,7.310191580449949544e-01,4.133132570793802973e-02,3.119997279073883689e+00,0.000000000000000000e+00
2.260000000000000000e+02,4.169703754200649648e+00,7.349779550164532438e-01,4.157664286003820431e-02,3.128501628465714113e+00,0.000000000000000000e+00
2.270000000000000000e+02,4.108718948117703995e+00,7.388621913359610938e-01,4.181831752846122685e-02,3.136466824727586200e+00,0.000000000000000000e+00
2.280000000000000000e+02,4.048706696608151745e+00,7.426730690512476363e-01,4.205640778946771047e-02,3.143904553471520646e+00,0.000000000000000000e+00
2.290000000000000000e+02,3.989651429758733769e+00,7.464117709565702974e-01,4.229097078956942091e-02,3.150826289866516028e+00,0.000000000000000000e+00
2.300000000000000000e+02,3.931537826965594729e+00,7.500794609010135172e-01,4.252206276041663874e-02,3.157243302186691469e+00,0.000000000000000000e+00
2.310000000000000000e+02,3.874350812942227051e+00,7.536772840918503080e-01,4.274973903344713583e-02,3.163166655301250074e+00,0.000000000000000000e+00
2.320000000000000000e+02,3.818075553791340226e+00,7.572063673930460315e-01,4.297405405430061720e-02,3.168607214107203696e+00,0.000000000000000000e+00
2.330000000000000000e+02,3.762697453139629555e+00,7.606678196189834429e-01,4.319506139700230590e-02,3.173575646905787195e+00,0.000000000000000000e+00
2.340000000000000000e+02,3.708202148334434067e+00,7.640627318234829435e-01,4.341281377791944562e-02,3.178082428723475683e+00,0.000000000000000000e+00
2.350000000000000000e+02,3.654575506701296828e+00,7.673921775841963111e-01,4.362736306949432236e-02,3.182137844578499575e+00,0.000000000000000000e+00
2.360000000000000000e+02,3.601803621861452420e+00,7.706572132824455190e-01,4.383876031375736476e-02,3.185751992693739432e+00,0.000000000000000000e+00
2.370000000000000000e+02,3.549872810108279264e+00,7.738588783785818048e-01,4.404705573562388288e-02,3.188934787656872327e+00,0.000000000000000000e+00
2.380000000000000000e+02,3.498769606841773072e+00,7.769981956829341563e-01,4.425229875597790768e-02,3.191695963528625501e+00,0.000000000000000000e+00
2.390000000000000000e+02,3.448480763060115084e+00,7.800761716224202669e-01,4.445453800454651772e-02,3.194045076899970859e+00,0.000000000000000000e+00
2.400000000000000000e+02,3.398993241907418028e+00,7.830937965028883507e-01,4.465382133256797642e-02,3.195991509899096084e+00,0.000000000000000000e+00
2.410000000000000000e+02,3.380044197963905983e+00,7.860520447672576516e-01,4.485019582525709425e-02,3.197544473148959732e+00,1.270324260741484967e-01
2.420000000000000000e+02,3.361407049198515296e+00,7.889855186813493626e-01,4.504544947972403263e-02,3.198940596043794216e+00,1.270324260741484967e-01
2.430000000000000000e+02,3.343076795855138617e+00,7.918945989754130332e-01,4.523960062099608576e-02,3.200183464410427892e+00,1.270324260741484967e-01
2.440000000000000000e+02,3.325048518239738016e+00,7.947796602950548683e-01,4.543266728032491902e-02,3.201276598395979889e+00,1.270324260741484967e-01
2.450000000000000000e+02,3.307317375438354468e+00,7.976410712986589102e-01,4.562466719989088926e-02,3.202223453582784707e+00,1.270324260741484967e-01
2.460000000000000000e+02,3.289878604055643141e+00,8.004791947532481355e-01,4.581561783743202249e-02,3.203027422084979925e+00,1.270324260741484967e-01
2.470000000000000000e+02,3.272727516973605866e+00,8.032943876288105578e-01,4.600553637079885655e-02,3.203691833627055452e+00,1.270324260741484967e-01
2.480000000000000000e+02,3.255859502130201921e+00,8.060870011911144273e-01,4.619443970243639064e-02,3.204219956604656527e+00,1.270324260741484967e-01
2.490000000000000000e+02,3.239270021317516957e+00,8.088573810930382857e-01,4.638234446379421033e-02,3.204614999127926911e+00,1.270324260741484967e-01
2.500000000000000000e+02,3.222954608999171633e+00,8.116058674644374138e-01,4.656926701966603022e-02,3.204880110047677366e+00,1.270324260741484967e-01
2.510000000000000000e+02,3.224545344584131001e+00,8.143327950005724292e-01,4.675522347245979204e-02,3.205018379964656550e+00,2.023401676520910075e-01
2.520000000000000000e+02,3.226126374952229536e+00,8.170584376486841327e-01,4.694126216582459460e-02,3.205167761243995272e+00,2.023401676520910075e-01
2.530000000000000000e+02,3.227697844910885738e+00,8.197827858864559225e-01,4.712738252676923478e-02,3.205328094638863590e+00,2.023401676520910075e-01
2.540000000000000000e+02,3.229259896956504949e+00,8.225058303660979231e-01,4.731358399081356941e-02,3.205499223228444272e+00,2.023401676520910075e-01
2.550000000000000000e+02,3.230812671311483975e+00,8.252275619115371219e-01,4.749986600185273494e-02,3.205680992382463845e+00,2.023401676520910075e-01
2.560000000000000000e+02,3.232356305960614851e+00,8.279479715156510267e-01,4.768622801202352518e-02,3.205873249726270746e+00,2.023401676520910075e-01
2.570000000000000000e+02,3.233890936686911299e+00,8.306670503375460646e-01,4.787266948157289231e-02,3.206075845106463262e+00,2.023401676520910075e-01
2.580000000000000000e+02,3.235416697106856532e+00,8.333847896998799465e-01,4.805918987872861287e-02,3.206288630557053931e+00,2.023401676520910075e-01
2.590000000000000000e+02,3.236933718705091945e+00,8.361011810862267746e-01,4.824578867957193817e-02,3.206511460266159741e+00,2.023401676520910075e-01
2.600000000000000000e+02,3.238442130868547153e+00,8.388162161384834503e-01,4.843246536791236123e-02,3.206744190543217687e+00,2.023401676520910075e-01
2.610000000000000000e+02,3.238211046874162946e+00,8.415298866543193812e-01,4.861921943516436112e-02,3.206986679786706596e+00,1.949487376762723545e-01
2.620000000000000000e+02,3.237998602716795293e+00,8.442402270288019706e-01,4.880594904074832957e-02,3.207225546194925947e+00,1.949487376762723545e-01
2.630000000000000000e+02,3.237804489905952821e+00,8.469472621071717500e-01,4.899265527733608072e-02,3.207460960077317846e+00,1.949487376762723545e-01
2.640000000000000000e+02,3.237628404898096335e+00,8.496510163577088992e-01,4.917933921947541254e-02,3.207693088080506794e+00,1.949487376762723545e-01
2.650000000000000000e+02,3.237470049017421747e+00,8.523515138777540967e-01,4.936600192388068686e-02,3.207922093254161222e+00,1.949487376762723545e-01
2.660000000000000000e+02,3.237329128377909981e+00,8.550487783996326696e-01,4.955264442971893390e-02,3.208148135115750588e+00,1.949487376762723545e-01
2.670000000000000000e+02,3.237205353806625219e+00,8.577428332964844859e-01,4.973926775889125212e-02,3.208371369714206001e+00,1.949487376762723545e-01
2.680000000000000000e+02,3.237098440768242380e+00,8.604337015879993666e-01,4.992587291630973256e-02,3.208591949692513268e+00,1.949487376762723545e-01
2.690000000000000000e+02,3.237008109290782532e+00,8.631214059460619037e-01,5.011246089016997002e-02,3.208810024349242340e+00,1.949487376762723545e-01
2.700000000000000000e+02,3.236934083892537117e+00,8.658059687003052396e-01,5.029903265221919578e-02,3.209025739699045587e+00,1.949487376762723545e-01
2.710000000000000000e+02,3.236865654831372563e+00,8.684874118435755852e-01,5.048558915802010133e-02,3.209239238532125338e+00,1.949041645178344051e-01
2.720000000000000000e+02,3.236813156870548269e+00,8.711657452324971240e-01,5.067213073609454221e-02,3.209450580616814541e+00,1.949041645178344051e-01
2.730000000000000000e+02,3.236776324968502649e+00,8.738409903998454187e-01,5.085865831997748304e-02,3.209659904325155466e+00,1.949041645178344051e-01
2.740000000000000000e+02,3.236754898334849084e+00,8.765131685543170459e-01,5.104517282763282315e-02,3.209867344943077239e+00,1.949041645178344051e-01
2.750000000000000000e+02,3.236748620362299711e+00,8.791823005857034579e-01,5.123167516170313435e-02,3.210073034726524277e+00,1.949041645178344051e-01
2.760000000000000000e+02,3.236757238559678118e+00,8.818484070699822430e-01,5.141816620975549201e-02,3.210277102956638373e+00,1.949041645178344051e-01
2.770000000000000000e+02,3.236780504486007182e+00,8.845115082743273405e-01,5.160464684452332335e-02,3.210479675994001525e+00,1.949041645178344051e-01
2.780000000000000000e+02,3.236818173685648503e+00,8.871716241620373200e-01,5.179111792414434895e-02,3.210680877331965277e+00,1.949041645178344051e-01
2.790000000000000000e+02,3.236870005624482349e+00,8.898287743973875008e-01,5.197758029239481214e-02,3.210880827649071012e+00,1.949041645178344051e-01
2.800000000000000000e+02,3.236935763627110774e+00,8.924829783504018010e-01,5.216403477891985024e-02,3.211079644860582949e+00,1.949041645178344051e-01
2.810000000000000000e+02,3.236853865802863162e+00,8.951342551015490923e-01,5.235048219946026454e-02,3.211277444169147177e+00,1.942152042357348785e-01
2.820000000000000000e+02,3.236787948398626824e+00,8.977824409812341644e-01,5.253691391015301304e-02,3.211473103794644679e+00,1.942152042357348785e-01
2.830000000000000000e+02,3.236737745701502078e+00,9.004275575566524914e-01,5.272333084746620019e-02,3.211666762355865234e+00,1.942152042357348785e-01
2.840000000000000000e+02,3.236702996260428122e+00,9.030696260701228661e-01,5.290973393225737592e-02,3.211858555378459101e+00,1.942152042357348785e-01
2.850000000000000000e+02,3.236683442817934520e+00,9.057086674442731411e-01,5.309612407002393258e-02,3.212048615351206227e+00,1.942152042357348785e-01
2.860000000000000000e+02,3.236678832242987358e+00,9.083447022871456999e-01,5.328250215114951199e-02,3.212237071781326669e+00,1.942152042357348785e-01
2.870000000000000000e+02,3.236688915464909222e+00,9.109777508972188853e-01,5.346886905114649202e-02,3.212424051248858881e+00,1.942152042357348785e-01
2.880000000000000000e+02,3.236713447408358757e+00,9.136078332683486014e-01,5.365522563089452496e-02,3.212609677460111612e+00,1.942152042357348785e-01
2.890000000000000000e+02,3.236752186929350295e+00,9.162349690946315350e-01,5.384157273687533579e-02,3.212794071300215659e+00,1.942152042357348785e-01
2.900000000000000000e+02,3.236804896752297989e+00,9.188591777751898837e-01,5.402791120140369024e-02,3.212977350884778982e+00,1.942152042357348785e-01
2.910000000000000000e+02,3.236725149416014080e+00,9.214804784188793674e-01,5.421424184285470599e-02,3.213159631610665645e+00,1.935909558896606875e-01
2.920000000000000000e+02,3.236661189210334744e+00,9.240987245221840007e-01,5.440055690719162312e-02,3.213339907821876285e+00,1.935909558896606875e-01
2.930000000000000000e+02,3.236612753630554007e+00,9.267139373926279733e-01,5.458685731955895126e-02,3.213518315624498189e+00,1.935909558896606875e-01
2.940000000000000000e+02,3.236579584382349939e+00,9.293261380167798791e-01,5.477314398967911974e-02,3.213694988075244563e+00,1.935909558896606875e-01
2.950000000000000000e+02,3.236561427314362582e+00,9.319353470653773952e-01,5.495941781209986998e-02,3.213870055236993650e+00,1.935909558896606875e-01
2.960000000000000000e+02,3.236558032351847469e+00,9.345415848983694707e-01,5.514567966643767194e-02,3.214043644233385510e+00,1.935909558896606875e-01
2.970000000000000000e+02,3.236569153431397172e+00,9.371448715698781351e-01,5.533193041761729630e-02,3.214215879302491530e+00,1.935909558896606875e-01
2.980000000000000000e+02,3.236594548436702912e+00,9.397452268330802605e-01,5.551817091610745242e-02,3.214386881849577993e+00,1.935909558896606875e-01
2.990000000000000000e+02,3.236633979135347339e+00,9.423426701450118292e-01,5.570440199815278326e-02,3.214556770498969485e+00,1.935909558896606875e-01
3.000000000000000000e+02,3.236687211116610285e+00,9.449372206712948197e-01,5.589062448600199545e-02,3.214725661145037883e+00,1.935909558896606875e-01
3.010000000000000000e+02,3.236608217366792495e+00,9.475288972907890406e-01,5.607683918813246432e-02,3.214893667002320488e+00,1.929684054176230013e-01
3.020000000000000000e+02,3.236544841119478821e+00,9.501175537230973633e-01,5.626303836405385089e-02,3.215059783312608666e+00,1.929684054176230013e-01
3.030000000000000000e+02,3.236496822698341713e+00,9.527032110450669444e-01,5.644922292897706917e-02,3.215224144004831253e+00,1.929684054176230013e-01
3.040000000000000000e+02,3.236463906592064621e+00,9.552858900160494660e-01,5.663539378285713244e-02,3.215386879996836811e+00,1.929684054176230013e-01
3.050000000000000000e+02,3.236445841387649125e+00,9.578656110829689707e-01,5.682155181063783256e-02,3.215548119250290160e+00,1.929684054176230013e-01
3.060000000000000000e+02,3.236442379704782990e+00,9.604423943853112045e-01,5.700769788249262365e-02,3.215707986824640763e+00,1.929684054176230013e-01
3.070000000000000000e+02,3.236453278131262934e+00,9.630162597600310237e-01,5.719383285406149514e-02,3.215866604930174066e+00,1.929684054176230013e-01
3.080000000000000000e+02,3.236478297159452122e+00,9.655872267463821990e-01,5.737995756668416714e-02,3.216024092980162674e+00,1.929684054176230013e-01
3.090000000000000000e+02,3.236517201123751075e+00,9.681553145906695024e-01,5.756607284762951110e-02,3.216180567642134225e+00,1.929684054176230013e-01
3.100000000000000000e+02,3.236569758139074882e+00,9.707205422509246340e-01,5.775217951032130675e-02,3.216336142888268856e+00,1.929684054176230013e-01
3.110000000000000000e+02,3.236491631298324734e+00,9.732829284015080962e-01,5.793827835456036301e-02,3.216490930044937357e+00,1.923530610893439408e-01
3.120000000000000000e+02,3.236428952338922027e+00,9.758423284690495025e-01,5.812436173012485580e-02,3.216643935409525756e+00,1.923530610893439408e-01
3.130000000000000000e+02,3.236381464411499209e+00,9.783987633000088557e-01,5.831043054229214512e-02,3.216795290789035366e+00,1.923530610893439408e-01
3.140000000000000000e+02,3.236348914786355113e+00,9.809522534268075855e-01,5.849648568124975884e-02,3.216945125017247165e+00,1.923530610893439408e-01
3.150000000000000000e+02,3.236331054787482397e+00,9.835028190728426489e-01,5.868252802233742127e-02,3.217093564008981055e+00,1.923530610893439408e-01
3.160000000000000000e+02,3.236327639727654137e+00,9.860504801574200284e-01,5.886855842628530011e-02,3.217240730813436311e+00,1.923530610893439408e-01
3.170000000000000000e+02,3.236338428844549586e+00,9.885952563006096261e-01,5.905457773944831901e-02,3.217386745666630077e+00,1.923530610893439408e-01
3.180000000000000000e+02,3.236363185237900009e+00,9.911371668280219982e-01,5.924058679403682720e-02,3.217531726042941020e+00,1.923530610893439408e-01
3.190000000000000000e+02,3.236401675807645262e+00,9.936762307755088175e-01,5.942658640834348749e-02,3.217675786705782581e+00,1.923530610893439408e-01
3.200000000000000000e+02,3.236453671193076254e+00,9.962124668937885064e-01,5.961257738696657676e-02,3.217819039757411570e+00,1.923530610893439408e-01
3.210000000000000000e+02,3.236376390678852299e+00,9.987458936529971520e-01,5.979856052102974079e-02,3.217961594687894777e+00,1.917443510937212325e-01
3.220000000000000000e+02,3.236314390507118333e+00,1.001276368035624920e+00,5.998452824273925454e-02,3.218102467877225425e+00,1.917443510937212325e-01
3.230000000000000000e+02,3.236267416620869142e+00,1.003803910660548970e+00,6.017048144756089595e-02,3.218241789085344084e+00,1.917443510937212325e-01
3.240000000000000000e+02,3.236235219037972843e+00,1.006328541836023494e+00,6.035642101603462539e-02,3.218379685135990709e+00,1.917443510937212325e-01
3.250000000000000000e+02,3.236217551785916413e+00,1.008850281564638296e+00,6.054234781401406779e-02,3.218516279970340843e+00,1.917443510937212325e-01
3.260000000000000000e+02,3.236214172837597935e+00,1.011369149548199564e+00,6.072826269290205331e-02,3.218651694699729671e+00,1.917443510937212325e-01
3.270000000000000000e+02,3.236224844048144700e+00,1.013885165192531135e+00,6.091416648988251525e-02,3.218786047657484772e+00,1.917443510937212325e-01
3.280000000000000000e+02,3.236249331092746484e+00,1.016398347612200270e+00,6.110006002814853676e-02,3.218919454449873374e+00,1.917443510937212325e-01
3.290000000000000000e+02,3.236287403405480934e+00,1.018908715635166828e+00,6.128594411712682405e-02,3.219052028006191168e+00,1.917443510937212325e-01
3.300000000000000000e+02,3.236338834119119934e+00,1.021416287807357604e+00,6.147181955269861303e-02,3.219183878627995821e+00,1.917443510937212325e-01
3.310000000000000000e+02,3.236262391351045764e+00,1.023921082397168725e+00,6.165768711741691915e-02,3.219315114037502923e+00,1.911422441374898695e-01
3.320000000000000000e+02,3.236201063261143762e+00,1.026422957937110692e+00,6.184353932559194522e-02,3.219444760708952025e+00,1.911422441374898695e-01
3.330000000000000000e+02,3.236154598553511619e+00,1.028921934821027229e+00,6.202937706298761178e-02,3.219572946423475912e+00,1.911422441374898695e-01
3.340000000000000000e+02,3.236122749962826450e+00,1.031418033135515833e+00,6.221520120060428094e-02,3.219699796062270636e+00,1.911422441374898695e-01
3.350000000000000000e+02,3.236105274189803982e+00,1.033911272664832737e+00,6.240101259491557389e-02,3.219825431659609993e+00,1.911422441374898695e-01
3.360000000000000000e+02,3.236101931837684909e+00,1.036401672895720827e+00,6.258681208810137897e-02,3.219949972454966058e+00,1.911422441374898695e-01
3.370000000000000000e+02,3.236112487349744882e+00,1.038889253022158510e+00,6.277260050827719595e-02,3.220073534944243310e+00,1.911422441374898695e-01
3.380000000000000000e+02,3.236136708947797924e+00,1.041374031950033530e+00,6.295837866971973340e-02,3.220196232930145896e+00,1.911422441374898695e-01
3.390000000000000000e+02,3.236174368571690607e+00,1.043856028301742178e+00,6.314414737308894632e-02,3.220318177571680707e+00,1.911422441374898695e-01
3.400000000000000000e+02,3.236225241819760789e+00,1.046335260420714341e+00,6.332990740564652110e-02,3.220439477432830877e+00,1.911422441374898695e-01
3.410000000000000000e+02,3.236149627269716333e+00,1.048811746375866161e+00,6.351565954147075921e-02,3.220560238530390862e+00,1.905466618878022822e-01
3.420000000000000000e+02,3.236088963603194646e+00,1.051285346231208617e+00,6.370139637599603333e-02,3.220679497354246745e+00,1.905466618878022822e-01
3.430000000000000000e+02,3.236043002254224366e+00,1.053756080158092745e+00,6.388711878539393707e-02,3.220797379771051183e+00,1.905466618878022822e-01
3.440000000000000000e+02,3.236011498643625472e+00,1.056223968023961568e+00,6.407282763123287039e-02,3.220914008783047677e+00,1.905466618878022822e-01
3.450000000000000000e+02,3.235994212115165247e+00,1.058689029397202441e+00,6.425852376071229666e-02,3.221029504580481095e+00,1.905466618878022822e-01
3.460000000000000000e+02,3.235990905872736523e+00,1.061151283551922564e+00,6.444420800689328044e-02,3.221143984593121790e+00,1.905466618878022822e-01
3.470000000000000000e+02,3.236001346918545352e+00,1.063610749472646111e+00,6.462988118892519507e-02,3.221257563540910418e+00,1.905466618878022822e-01
3.480000000000000000e+02,3.236025305992284551e+00,1.066067445858937202e+00,6.481554411226903012e-02,3.221370353483749671e+00,1.905466618878022822e-01
3.490000000000000000e+02,3.236062557511282467e+00,1.068521391129949372e+00,6.500119756891691025e-02,3.221482463870439794e+00,1.905466618878022822e-01
3.500000000000000000e+02,3.236112879511611862e+00,1.070972603428900882e+00,6.518684233760821400e-02,3.221594001586792100e+00,1.905466618878022822e-01
3.510000000000000000e+02,3.236038083851664471e+00,1.073421100627479863e+00,6.537247918404220925e-02,3.221705071002916920e+00,1.899575311045153814e-01
3.520000000000000000e+02,3.235978077127641850e+00,1.075866744304019962e+00,6.555810078386728468e-02,3.221814718551209822e+00,1.899575311045153814e-01
3.530000000000000000e+02,3.235932613472715325e+00,1.078309554409888404e+00,6.574370800377088431e-02,3.221923068244319399e+00,1.899575311045153814e-01
3.540000000000000000e+02,3.235901450963548420e+00,1.080749550595845987e+00,6.592930169599582613e-02,3.222030241265316342e+00,1.899575311045153814e-01
3.550000000000000000e+02,3.235884351557147820e+00,1.083186752216846571e+00,6.611488269857199174e-02,3.222136356019507986e+00,1.899575311045153814e-01
3.560000000000000000e+02,3.235881081028725070e+00,1.085621178336760195e+00,6.630045183554438004e-02,3.222241528185370907e+00,1.899575311045153814e-01
3.570000000000000000e+02,3.235891408910553935e+00,1.088052847733019135e+00,6.648600991719742781e-02,3.222345870764622422e+00,1.899575311045153814e-01
3.580000000000000000e+02,3.235915108431805631e+00,1.090481778901191801e+00,6.667155774027574977e-02,3.222449494131438996e+00,1.899575311045153814e-01
3.590000000000000000e+02,3.235951956459346412e+00,1.092907990059481138e+00,6.685709608820138150e-02,3.222552506080836654e+00,1.899575311045153814e-01
3.600000000000000000e+02,3.236001733439487271e+00,1.095331499153153310e+00,6.704262573128753899e-02,3.222655011876232045e+00,1.899575311045153814e-01
3.610000000000000000e+02,3.235927747438714253e+00,1.097752323858892209e+00,6.722814742694889489e-02,3.222757114296190828e+00,1.893747790032004052e-01
3.620000000000000000e+02,3.235868390252548910e+00,1.100170327252269376e+00,6.741365393014285556e-02,3.222857869639731199e+00,1.893747790032004052e-01
3.630000000000000000e+02,3.235823418682857611e+00,1.102585529067150460e+00,6.759914609817965769e-02,3.222957400122419269e+00,1.893747790032004052e-01
3.640000000000000000e+02,3.235792593432191389e+00,1.104997948740058300e+00,6.778462477408168929e-02,3.223055825164406141e+00,1.893747790032004052e-01
3.650000000000000000e+02,3.235775679041319464e+00,1.107407605414920670e+00,6.797009078681265359e-02,3.223153261441654927e+00,1.893747790032004052e-01
3.660000000000000000e+02,3.235772443827769518e+00,1.109814517947741663e+00,6.815554495150318026e-02,3.223249822936292475e+00,1.893747790032004052e-01
3.670000000000000000e+02,3.235782659825344076e+00,1.112218704911198897e+00,6.834098806967267570e-02,3.223345620986111992e+00,1.893747790032004052e-01
3.680000000000000000e+02,3.235806102724612110e+00,1.114620184599165453e+00,6.852642092944771779e-02,3.223440764333232345e+00,1.893747790032004052e-01
3.690000000000000000e+02,3.235842551814348766e+00,1.117018975031160988e+00,6.871184430577691182e-02,3.223535359171926462e+00,1.893747790032004052e-01
3.700000000000000000e+02,3.235891789923917017e+00,1.119415093956731555e+00,6.889725896064226307e-02,3.223629509195641063e+00,1.893747790032004052e-01
3.710000000000000000e+02,3.235818604456260239e+00,1.121808558859758387e+00,6.908266564326727421e-02,3.223723315643212572e+00,1.887983336561885606e-01
3.720000000000000000e+02,3.235759889487495489e+00,1.124199234296167305e+00,6.926805718702412629e-02,3.223815844602632374e+00,1.887983336561885606e-01
3.730000000000000000e+02,3.235715404458085143e+00,1.126587139784776204e+00,6.945343443995152799e-02,3.223907216546001653e+00,1.887983336561885606e-01
3.740000000000000000e+02,3.235684912666847879e+00,1.128972294550286248e+00,6.963879823595538199e-02,3.223997549183528655e+00,1.887983336561885606e-01
3.750000000000000000e+02,3.235668181209176097e+00,1.131354717527979892e+00,6.982414939503552020e-02,3.224086957514176177e+00,1.887983336561885606e-01
3.760000000000000000e+02,3.235664980916236555e+00,1.133734427368340736e+00,7.000948872350867824e-02,3.224175553875442635e+00,1.887983336561885606e-01
3.770000000000000000e+02,3.235675086295146663e+00,1.136111442441600339e+00,7.019481701422808362e-02,3.224263447992304243e+00,1.887983336561885606e-01
3.780000000000000000e+02,3.235698275470110907e+00,1.138485780842211748e+00,7.038013504679942189e-02,3.224350747025320985e+00,1.887983336561885606e-01
3.790000000000000000e+02,3.235734330124496960e+00,1.140857460393253309e+00,7.056544358779340276e-02,3.224437555617923667e+00,1.887983336561885606e-01
3.800000000000000000e+02,3.235783035443840383e+00,1.143226498650758316e+00,7.075074339095478726e-02,3.224523975942898968e+00,1.887983336561885606e-01
3.810000000000000000e+02,3.235710641486135852e+00,1.145592912907979599e+00,7.093603519740830643e-02,3.224610107748080878e+00,1.882281239468051037e-01
3.820000000000000000e+02,3.235652561496781487e+00,1.147956569184506392e+00,7.112131191805658170e-02,3.224695026831177369e+00,1.882281239468051037e-01
3.830000000000000000e+02,3.235608557525074591e+00,1.150317486786533339e+00,7.130657439177140455e-02,3.224778851971369154e+00,1.882281239468051037e-01
3.840000000000000000e+02,3.235578395436822241e+00,1.152675684729330463e+00,7.149182344344502671e-02,3.224861699218855016e+00,1.882281239468051037e-01
3.850000000000000000e+02,3.235561844853224844e+00,1.155031181741887680e+00,7.167705988421439744e-02,3.224943681944922425e+00,1.882281239468051037e-01
3.860000000000000000e+02,3.235558679090738021e+00,1.157383996271485804e+00,7.186228451168176490e-02,3.225024910891170826e+00,1.882281239468051037e-01
3.870000000000000000e+02,3.235568675101899494e+00,1.159734146488194728e+00,7.204749811013190508e-02,3.225105494217897384e+00,1.882281239468051037e-01
3.880000000000000000e+02,3.235591613417101886e+00,1.162081650289297219e+00,7.223270145074570103e-02,3.225185537551659820e+00,1.882281239468051037e-01
3.890000000000000000e+02,3.235627278087296332e+00,1.164426525303644766e+00,7.241789529181040519e-02,3.225265144032030573e+00,1.882281239468051037e-01
3.900000000000000000e+02,3.235675456627618463e+00,1.166768788895942377e+00,7.260308037892644617e-02,3.225344414357553369e+00,1.882281239468051037e-01
3.910000000000000000e+02,3.235603845258564260e+00,1.169108458170964093e+00,7.278825744521102981e-02,3.225423446830919527e+00,1.876640795635141079e-01
3.920000000000000000e+02,3.235546393092293638e+00,1.171445400595459096e+00,7.297341947822306996e-02,3.225501326878891017e+00,1.876640795635141079e-01
3.930000000000000000e+02,3.235502864757517028e+00,1.173779635265397747e+00,7.315856730777077488e-02,3.225578171635423264e+00,1.876640795635141079e-01
3.940000000000000000e+02,3.235473028658077510e+00,1.176111180988980154e+00,7.334370174983437241e-02,3.225654095537807464e+00,1.876640795635141079e-01
3.950000000000000000e+02,3.235456656912498286e+00,1.178440056291231386e+00,7.352882360678782148e-02,3.225729210376177658e+00,1.876640795635141079e-01
3.960000000000000000e+02,3.235453525294496036e+00,1.180766279418521858e+00,7.371393366761719301e-02,3.225803625342180236e+00,1.876640795635141079e-01
3.970000000000000000e+02,3.235463413174447300e+00,1.183089868343016660e+00,7.389903270813541480e-02,3.225877447076815230e+00,1.876640795635141079e-01
3.980000000000000000e+02,3.235486103461795437e+00,1.185410840767052720e+00,7.408412149119351919e-02,3.225950779717462247e+00,1.876640795635141079e-01
3.990000000000000000e+02,3.235521382548375957e+00,1.187729214127445809e+00,7.426920076688872663e-02,3.226023724944106608e+00,1.876640795635141079e-01
4.000000000000000000e+02,3.235569040252648243e+00,1.190045005599729810e+00,7.445427127276892099e-02,3.226096382024779441e+00,1.876640795635141079e-01
4.010000000000000000e+02,3.235498202651625022e+00,1.192358232102326276e+00,7.463933373403412730e-02,3.226168847860222400e+00,1.871061309901447534e-01
4.020000000000000000e+02,3.235441371232827823e+00,1.194668762532828499e+00,7.482438121403518771e-02,3.226240217424376944e+00,1.871061309901447534e-01
4.030000000000000000e+02,3.235398313175290586e+00,1.196976615779353104e+00,7.500941453361892330e-02,3.226310606251011404e+00,1.871061309901447534e-01
4.040000000000000000e+02,3.235368799392269956e+00,1.199281810445366636e+00,7.519443449995397155e-02,3.226380127208982262e+00,1.871061309901447534e-01
4.050000000000000000e+02,3.235352604471446902e+00,1.201584364854229037e+00,7.537944190675019418e-02,3.226448890551184334e+00,1.871061309901447534e-01
4.060000000000000000e+02,3.235349506616086668e+00,1.203884297053666730e+00,7.556443753447456002e-02,3.226517003962674490e+00,1.871061309901447534e-01
4.070000000000000000e+02,3.235359287587139310e+00,1.206181624820172216e+00,7.574942215056365558e-02,3.226584572607973378e+00,1.871061309901447534e-01
4.080000000000000000e+02,3.235381732646267938e+00,1.208476365663335272e+00,7.593439650963262899e-02,3.226651699177563781e+00,1.871061309901447534e-01
4.090000000000000000e+02,3.235416630499790891e+00,1.210768536830102216e+00,7.611936135368095602e-02,3.226718483933598947e+00,1.871061309901447534e-01
4.100000000000000000e+02,3.235463773243518748e+00,1.213058155308969432e+00,7.630431741229483367e-02,3.226785024754830644e+00,1.871061309901447534e-01
4.110000000000000000e+02,3.235393700689450203e+00,1.215345237834108305e+00,7.648926540284629871e-02,3.226851417180769399e+00,1.865542094969036002e-01
4.120000000000000000e+02,3.235337483022320271e+00,1.217629654717823584e+00,7.667419846362358293e-02,3.226916765649610497e+00,1.865542094969036002e-01
4.130000000000000000e+02,3.235294889942725405e+00,1.219911424642723397e+00,7.685911740661315050e-02,3.226981184137511782e+00,1.865542094969036002e-01
4.140000000000000000e+02,3.235265694845036677e+00,1.222190566009848878e+00,7.704402303027142740e-02,3.227044783986921406e+00,1.865542094969036002e-01
4.150000000000000000e+02,3.235249674758248428e+00,1.224467096943170130e+00,7.722891611974182224e-02,3.227107673954986211e+00,1.865542094969036002e-01
4.160000000000000000e+02,3.235246610287775493e+00,1.226741035294009796e+00,7.741379744706827770e-02,3.227169960261131010e+00,1.865542094969036002e-01
4.170000000000000000e+02,3.235256285558182565e+00,1.229012398645395132e+00,7.759866777140544958e-02,3.227231746633834497e+00,1.865542094969036002e-01
4.180000000000000000e+02,3.235278488156826615e+00,1.231281204316342137e+00,7.778352783922545810e-02,3.227293134356606252e+00,1.865542094969036002e-01
4.190000000000000000e+02,3.235313009078408353e+00,1.233547469366069516e+00,7.796837838452136404e-02,3.227354222313177701e+00,1.865542094969036002e-01
4.200000000000000000e+02,3.235359642670406100e+00,1.235811210598146026e+00,7.815322012900735582e-02,3.227415107031931463e+00,1.865542094969036002e-01
4.210000000000000000e+02,3.235290326540647410e+00,1.238072444564570551e+00,7.833805378231580019e-02,3.227475882729565981e+00,1.860082471314850605e-01
4.220000000000000000e+02,3.235234715708294573e+00,1.240331042976410281e+00,7.852287255682742495e-02,3.227535663224720519e+00,1.860082471314850605e-01
4.230000000000000000e+02,3.235192582367072855e+00,1.242587024313082100e+00,7.870767725576821583e-02,3.227594560976219551e+00,1.860082471314850605e-01
4.240000000000000000e+02,3.235163702364488802e+00,1.244840406775485686e+00,7.889246866898062815e-02,3.227652685839859537e+00,1.860082471314850605e-01
4.250000000000000000e+02,3.235147855143319706e+00,1.247091208290449504e+00,7.907724757313815134e-02,3.227710145116273299e+00,1.860082471314850605e-01
4.260000000000000000e+02,3.235144823684042770e+00,1.249339446515107532e+00,7.926201473195668146e-02,3.227767043597979946e+00,1.860082471314850605e-01
4.270000000000000000e+02,3.235154394448181314e+00,1.251585138841204037e+00,7.944677089640234113e-02,3.227823483615638089e+00,1.860082471314850605e-01
4.280000000000000000e+02,3.235176357322561813e+00,1.253828302399330852e+00,7.963151680489599649e-02,3.227879565083507263e+00,1.860082471314850605e-01
4.290000000000000000e+02,3.235210505564461769e+00,1.256068954063095822e+00,7.981625318351452669e-02,3.227935385544136171e+00,1.860082471314850605e-01
4.300000000000000000e+02,3.235256635747636000e+00,1.258307110453225963e+00,8.000098074618892940e-02,3.227991040212291551e+00,1.860082471314850605e-01
4.310000000000000000e+02,3.235188067516872046e+00,1.260542787941602683e+00,8.018570019489910938e-02,3.228046622018136969e+00,1.854681767102084600e-01
4.320000000000000000e+02,3.235133056680445929e+00,1.262775859622286001e+00,8.037040481528294478e-02,3.228101254076202409e+00,1.854681767102084600e-01
4.330000000000000000e+02,3.235091377897096887e+00,1.265006343773794173e+00,8.055509540190473883e-02,3.228155047366124908e+00,1.854681767102084600e-01
4.340000000000000000e+02,3.235062809439804177e+00,1.267234258399141611e+00,8.073977273609002359e-02,3.228208110294686684e+00,1.854681767102084600e-01
4.350000000000000000e+02,3.235047133137910702e+00,1.269459621230239144e+00,8.092443758613794558e-02,3.228260548743147051e+00,1.854681767102084600e-01
4.360000000000000000e+02,3.235044134320173015e+00,1.271682449732222109e+00,8.110909070753019590e-02,3.228312466113766988e+00,1.854681767102084600e-01
4.370000000000000000e+02,3.235053601758722142e+00,1.273902761107708947e+00,8.129373284313665127e-02,3.228363963375545875e+00,1.854681767102084600e-01
4.380000000000000000e+02,3.235075327613923690e+00,1.276120572300992295e+00,8.147836472341771219e-02,3.228415139109177101e+00,1.854681767102084600e-01
